insert into Corso values
("",
"Corso Pasticciere",
"Interno",
"2013/11/23","2015/10/22",
"I partecipanti possono richiedere di svolgere un tirocinio formativo per mettere in pratica quanto acquisito durante i corsi presso aziende qualificate",
"Regole pratiche di igiene - HACCP
Merceologia degli alimenti
Organizzazione del personale e sistema impresa di pasticceria
La mise en place del posto di lavoro nella pasticceria
Caratteristiche e tecniche di utilizzo attrezzatura di pasticceria e dei macchinari per la lavorazione dell’impasto, la lievitazione e la cottura
Il ciclo di lavorazione dei prodotti di pasticceria
Le tecnologie della pasticceria
Tecniche di produzione di paste base 
Tecniche di produzione, composizione, farcitura e decorazione dei prodotti di pasticceria
Tecniche di lavorazione del cacao e del cioccolato
Lavorare come pasticcere: norme giuridiche e sicurezza sul lavoro
Applicazione in azienda (stage) delle competenze acquisite per lavorare come pasticcere.",
"Un corso di pasticceria professionale ideale per chi vuole acquisire competenze specialistiche di pasticceria ed elevate abilità pratiche ed operative 
sulla preparazione di prodotti di pasticceria per imparare la professione e lavorare come pasticcere in aziende quali bar-pasticcerie, pasticcerie 
artigianali, ristoranti di qualità, industrie dolciarie.
Il corso si svolgerà  sotto la  guida e l’insegnamento di qualificati docenti di pasticceria e arte bianca, rigorosamente professionisti del settore. ",
"Come in una vera Scuola di Pasticceria, il corso Pasticcere prevede attività teoriche e attività pratiche in aula ed un periodo di stage in aziende 
della pasticceria. Gli allievi potranno esercitarsi all’interno dei moderni laboratori di pasticceria della nostra scuola.
I partecipanti possono richiedere inoltre di svolgere un tirocinio formativo per mettere in pratica quanto acquisito durante il corso di pasticceria 
presso aziende qualificate (bar-pasticcerie, pasticcerie artigianali, ristoranti di qualità, industrie dolciarie) su tutto il territorio nazionale.",
"Aspiranti pasticcieri",
"200 ore (40 di stage)",
"Attestato HACCP.
Attestato di qualifica di Pasticcere rilasciato dalla Regione Umbria e riconosciuto ai sensi della legge 845/78, 
valido ai fini dell'avviamento al lavoro e dell'inquadramento aziendale. 
ale attestato costituisce titolo per l'ammissione ai pubblici concorsi (Ex legge 845/78).",
"Il corso Pasticcere è a numero chiuso. Le iscrizioni vengono accettate in base all'ordine di arrivo e si intendono valide solo dopo il pagamento
della quota/acconto del corso e la consegna di eventuale documentazione aggiuntiva, se richiesta.
Il costo del corso Pasticcere comprende il materiale didattico e la divisa da lavoro dell'Università dei Sapori.
Per maggiori informazioni e/o appuntamenti è possibile chiamare i numeri 075 7828 609 o 075 7828 611",
"17:30",NULL),
("",
 "Corso Pizzaiolo",
 "Interno",
 "2006/08/15","2007/01/15",
 " Il Corso si propone di insegnare agli studenti pizzaioli una ben precisa predisposizione creativa su soggetti fondamentali come la
 lievitazione, la panificazione e i vari tipi di impasti",
"Organizzazione del posto mobile di lavoro in pizzeria
Tecnica e pratica di pizzeria (pizza al piatto, alla pala e in teglia)
Tecnica pratica di panificazione
Gestione e bilanciamento degli ingredienti della pizza e personalizzazione delle ricette
Utilizzo di lieviti naturali e paste madri: polish, bighe e paste acide di riporto
Utilizzo di farine particolari e alternative
Bromatologia degli ingredienti base utilizzati per la pizza
Lavorare come pizzaiolo: norme giuridiche e sicurezza sul lavoro
Regole pratiche di igiene - HACCP",
 "Il corso pizzaiolo vi guiderà alla scoperta dei segreti dell’arte bianca e delle tecniche della panetteria e dei prodotti da forno.
Un viaggio di sapore che passa dalla pizza al piatto alla pala, per arrivare a quella al taglio, non tralasciando la bromatologia degli ingredienti e
 il bilanciamento delle ricette. Il corso Pizzaiolo intende qualificare/riqualificare professionalmente chi vuole lavorare nel settore della 
 ristorazione commerciale e magari aprire una pizzeria.",
"Il corso è strutturato come una vera scuola per pizzaioli e prevede attività teoriche e attività pratiche in aula. Su richiesta dei partecipanti è
 possibile attivare un tirocinio formativo presso qualificate pizzerie e aziende ristorative su tutto il territorio nazionale.",
 "Aspiranti pizzaioli",
 "200 ore (40 di stage)",
 "Attestato HACCP.
Attestato di qualifica di Pizzaiolo riconosciuto ai sensi della legge 845/78.",
"Il corso Pizzaiolo è a numero chiuso. Le iscrizioni vengono accettate in base all'ordine di arrivo e si intendono valide solo dopo 
il pagamento della quota/acconto del corso e la consegna di eventuale documentazione aggiuntiva, se richiesta. 
Il costo del corso Pizzaiolo comprende il materiale didattico e la divisa da lavoro dell'Enial.
Per maggiori informazioni e/o appuntamenti è possibile chiamare i numeri 075 7828 609 o 075 7828 611",
"13:00",NULL
),
("",
"Corso Barman-Bartender",
"Interno",
"2016/1/2","2016/4/28",
"Per maggiori informazioni visualizzare il programma del corso",
"Introduzione alla professione di barman/bartender
Come pianificare l’offerta di bar, caffetteria e vini e gestire gli approvvigionamenti
Come preparare e servire prodotti di caffetteria e snack
Come preparare e servire analcolici, alcolici, super-alcolici, cocktail e long drink
Come monitorare le scorte di bar e sala
Come  esporre  i prodotti, allestire e utilizzare i macchinari e le attrezzature di un bar
Come organizzare il lavoro e coordinare i collaboratori
Come gestire la relazione con i clienti e valutare la qualità del servizio offerto
Regole pratiche di igiene - HACCP 
Lavorare come barman: norme giuridiche e sicurezza sul lavoro
Tirocinio formativo in azienda su richiesta", 
"Il corso barman consente di acquisire tutte le competenze necessarie per lavorare come barman/barlady nell’affascinante mondo 
Ho.re.ca (Hotel, Ristoranti, caffè) dai caffè bar, ai wine bar, agli american bar.
Il corso barman consente di imparare come si fanno le preparazioni più complesse di caffetteria, di cocktail e long drink e come si presentano ai 
clienti, come si accoglie il cliente e lo si consiglia nella scelta e, non ultimo come pianificare l’offerta e gestire l’azienda bar. 
Il corso barman e bartender è quindi ideale sia per chi desidera lavorare come barista, barman e bar tender  che per chi desidera aprire un bar in proprio. 
Il corso barman si svolgerà  sotto la  guida e l’insegnamento di qualificati docenti di bar e bartender, rigorosamente professionisti del settore.",
"Come in una vera scuola per barman, il corso Barman prevede attività teoriche e attività pratiche all’interno dei moderni laboratori di sala 
e bar della nostra scuola. I partecipanti al corso Barman possono richiedere inoltre di svolgere un tirocinio formativo per mettere in 
pratica quanto acquisito durante il corso presso aziende qualificate del settore  Ho.re.ca (Hotel, Ristoranti, caffè) su tutto il territorio nazionale. ",
"Aspiranti barman",
"200 ore (40 di stage)",
"Attestato HACCP
Attestato di qualifica di Addetto qualificato al servizio bar riconosciuto ai sensi della legge 845/78",
"Modalità di iscrizione al corso Barman 
Il corso Barman è a numero chiuso. Le iscrizioni vengono accettate in base all'ordine di arrivo e si intendono valide solo dopo il pagamento 
della quota/acconto del corso e la consegna di eventuale documentazione aggiuntiva, se richiesta.
Per maggiori informazioni e/o appuntamenti è possibile chiamare i numeri 075 7828 609 o 075 5828 611.",
"10:30",NULL
),
("",
"Corso Aiuto Cuoco",
"Autofinanziato",
"2015/07/05","2016-02-01",
"Il corso Aiuto Cuoco consente di acquisire tutte le competenze necessarie per lavorare come aiuto cuoco, in proprio o all'interno di un ristorante.",
"Principi per una corretta gestione e manutenzione delle attrezzature
Le tecnologie della ristorazione
Trattamento delle materie prime e semilavorati in cucina
Preparazione di semilavorati e piatti a base di vegetali, carni, pesce, pasta, pizzeria e pasticceria
Lavorare come aiuto cuoco: norme giuridiche e sicurezza sul lavoro
Applicazione in azienda (stage) delle competenze acquisite per lavorare come aiuto cuoco.
Regole pratiche di igiene
Elementi di merceologia
Gestione operativa dell'ambiente di cucina",
"Il corso Aiuto Cuoco consente di acquisire tutte le competenze necessarie per lavorare come aiuto cuoco, in proprio o all'interno di un ristorante.",
"Il corso Aiuto Cuoco prevede lezioni teoriche, attività di pratica in laboratorio ed un periodo di stage in aziende del settore della ristorazione
(su richiesta degli allievi è possibile attivare tirocini e percorsi di formazione attiva presso imprese e aziende ristorative di tutto
 il territorio nazionale).",
 "Occupati, disoccupati, inoccupati dell’uno e dell’altro sesso senza limite di età e titolo di studio.",
"450 ore (di cui 250 di aula e 200 di stage)",
"Attestato HACCP, obbligatorio per svolgere le professioni in ambito alimentare. Attestato di qualifica di Aiuto Cuoco rilasciato dalla Regione
 e riconosciuto ai sensi della legge 845/78, valido ai fini dell'avviamento al lavoro e dell'inquadramento aziendale.
 Tale attestato costituisce titolo per l'ammissione ai pubblici concorsi (Ex legge 845/78).",
 "Il corso per Aiuto Cuoco è a numero chiuso. Le iscrizioni vengono accettate in base all'ordine di arrivo e si intendono
 valide solo dopo il pagamento della quota/acconto del corso e la consegna di eventuale documentazione aggiuntiva, se richiesta.
 Il costo del corso per Aiuto Cuoco comprende il materiale didattico e la divisa da lavoro dell'Università dei Sapori.",
 "14.30 - 19.30","€ 3.900,00"
 ),
 ("",
 "Corso di Falegnameria",
 "Interno",
 "2015/10/1","2015/11/5",
 "prima colazione e pranzo e assicurazione infortuni",
 "Inizio ore 9.00. Otto ore al giorno con pausa pranzo.
1° giorno:   Struttura del legno Conoscenza del legno, essenze
                  La funzione del telaio
                  Le giunzioni e gli incastri

 2° giorno:         Conoscenza degli attrezzi manuali di base.
                  Uso della sega e dello scalpello
                  Utensili manuali
                  Ferramenta e colle
                  Nozioni di disegno 
                  Progettazione di strutture semplici
                  Estrazione lista pezzi

3° giorno          Realizzazione di un manufatto
                  collanti e modo d'uso
                  Uso dei morsetti
                  Levigatura
                  Trattamento superficiale del legno
Durante le lezioni, ogni partecipante avrà costruito il proprio manufatto da portarsi a casa.",
NULL,NULL,NULL,"Corso intensivo - 3 giorni, 8 ore al giorno, - Totale 24 ore.",
"Al termine del corso sarà rilasciato un Attestato di Partecipazione",
NULL,NULL,NULL),
("",
"Corso 'Start-Up dall'idea al progetto'",
"Interno",
"2016/12,10","2016/2/10",
"La tua idea di oggi e' il tuo successo di domani",
"Il corso si articola nei seguenti moduli:

ANALISI DELL'IDEA
Brainstorming
Valutazione delle proprie attitudini personali
L'analisi del mercato
Rischi ed opportunità

IL PROGETTO D'IMPRESA
La redazione del business plan
Il marketing
L'analisi finanziaria
Obiettivi e risultati attesi

LA FORMA GIURIDICA E GLI ADEMPIMENTI
Ditte individuali, società di persone e di capitali
Partita Iva, CCIAA, autorizzazioni e permessi

LE FONTI DI FINANZIAMENTO
Finanziamenti pubblici a fondo perduto
Mutui agevolati
I rapporti con le banche
Private equità e venture capital

CREARE RETI E ALLEANZE
Creare reti commerciali
Creare alleanze e partnership commerciali",
"L'obiettivo del corso sarà quello di far emergere lo spirito imprenditoriale dei partecipanti, stimolando nuove idee (coaching) 
sulla base delle attitudini dei singoli e dei dati di mercato che verranno analizzati in aula; e fornire ai futuri e neo imprenditori 
tutti gli strumenti per pianificare e avviare la propria attività d'impresa, usufruendo di fondi di finanziamento pubblici e privati.",
NULL,"Il corso di formazione è rivolto ad aspiranti imprenditori che intendono avviare nuove attività di lavoro autonomo 
(nel campo del commercio, dei servizi, dell'artigianato, dell'industria, dei trasporti e dell'agricoltura) ed avvalersi dei finanziamenti pubblici e privati.
 E' inoltro rivolto alle start upper, imprese già avviate ancora nel periodo dello start-up.
I destinatari dell'attività formativa non devono possedere prerequisiti in quanto gli argomenti trattati verranno analizzati dalle basi.",
"La durata del corso è di 18 ore totali suddivise in 3 giornate, nel corso delle quali verranno svolte le lezioni frontali, analisi dei 
case study e dibattiti di gruppo.",
"Al termine del corso verrà rilasciato l'attestato di frequenza con certificazione Y.W.C. FORM",NULL,NULL,NULL);









insert into Sede values
	("09036", "Guspini","Via Guspini, 1","VS","0701111111 - 0701111111(fax)"),
	("09039", "Villacidro","Via Villacidro, 2","VS","0702222222 - 0702222222(fax)"),
	("08100", "Nuoro","via Nuoro, 3","NU","0703333333 - 0703333333(fax)"),
	("09128", "Cagliari","via Cagliari, 4","CA","0704444444 - 0704444444(fax)"),
	("07041", "Alghero","via Alghero 5","SS","0705555555 - 0705555555(fax)"),
	("07026", "Olbia","via Olbia, 6","OT","0706666666 - 070666666(fax)"),
	("08048", "Tortoli","via Tortoli, 7","CA","0707777777 - 0707777777(fax)");

insert into Abilita values
	("3","09036"),
	("2","09039"),
	("1","08100"),
	("4","09036"),
	("3","08100"),
	("3","07026"),
	("1","07041"),
	("5","08048"),
	("2","07041"),
	("4","09128"),
	("6","09036"),
	("6","09128");	
 
 insert into Utente values
	("Admin","Admin","1"),
	("User","User","0");